Player,unique_player_id,extension,Link
Kevin De Bruyne,e46012d4,Kevin-De-Bruyne,https://fbref.com/en/players/e46012d4/Kevin-De-Bruyne
Erling Haaland,1f44ac21,Erling-Haaland,https://fbref.com/en/players/1f44ac21/Erling-Haaland
Casemiro,4d224fe8,Casemiro,https://fbref.com/en/players/4d224fe8/Casemiro
Mohamed Salah,e342ad68,Mohamed-Salah,https://fbref.com/en/players/e342ad68/Mohamed-Salah
Raphaël Varane,9f8e9423,Raphael-Varane,https://fbref.com/en/players/9f8e9423/Raphael-Varane
Raheem Sterling,b400bde0,Raheem-Sterling,https://fbref.com/en/players/b400bde0/Raheem-Sterling
Marcus Rashford,a1d5bd30,Marcus-Rashford,https://fbref.com/en/players/a1d5bd30/Marcus-Rashford
Bernardo Silva,3eb22ec9,Bernardo-Silva,https://fbref.com/en/players/3eb22ec9/Bernardo-Silva
Jack Grealish,b0b4fd3e,Jack-Grealish,https://fbref.com/en/players/b0b4fd3e/Jack-Grealish
Kai Havertz,fed7cb61,Kai-Havertz,https://fbref.com/en/players/fed7cb61/Kai-Havertz
Gabriel Jesus,b66315ae,Gabriel-Jesus,https://fbref.com/en/players/b66315ae/Gabriel-Jesus
Anthony Martial,8b788c01,Anthony-Martial,https://fbref.com/en/players/8b788c01/Anthony-Martial
Jadon Sancho,dbf053da,Jadon-Sancho,https://fbref.com/en/players/dbf053da/Jadon-Sancho
Mason Mount,9674002f,Mason-Mount,https://fbref.com/en/players/9674002f/Mason-Mount
John Stones,5eecec3d,John-Stones,https://fbref.com/en/players/5eecec3d/John-Stones
Reece James,1265a93a,Reece-James,https://fbref.com/en/players/1265a93a/Reece-James
Declan Rice,1c7012b8,Declan-Rice,https://fbref.com/en/players/1c7012b8/Declan-Rice
Martin Ødegaard,79300479,Martin-Odegaard,https://fbref.com/en/players/79300479/Martin-Odegaard
Bruno Fernandes,507c7bdf,Bruno-Fernandes,https://fbref.com/en/players/507c7bdf/Bruno-Fernandes
Phil Foden,ed1e53f3,Phil-Foden,https://fbref.com/en/players/ed1e53f3/Phil-Foden
Virgil van Dijk,e06683ca,Virgil-van-Dijk,https://fbref.com/en/players/e06683ca/Virgil-van-Dijk
Rodri,6434f10d,Rodri,https://fbref.com/en/players/6434f10d/Rodri
Thomas Partey,529f49ab,Thomas-Partey,https://fbref.com/en/players/529f49ab/Thomas-Partey
Antony,99127249,Antony,https://fbref.com/en/players/99127249/Antony
Thiago Alcántara,77e84962,Thiago-Alcantara,https://fbref.com/en/players/77e84962/Thiago-Alcantara
Joško Gvardiol,5ad50391,Josko-Gvardiol,https://fbref.com/en/players/5ad50391/Josko-Gvardiol
Ben Chilwell,d2424d1b,Ben-Chilwell,https://fbref.com/en/players/d2424d1b/Ben-Chilwell
Wesley Fofana,132a82f1,Wesley-Fofana,https://fbref.com/en/players/132a82f1/Wesley-Fofana
Bukayo Saka,bc7dc64d,Bukayo-Saka,https://fbref.com/en/players/bc7dc64d/Bukayo-Saka
Christopher Nkunku,7c56da38,Christopher-Nkunku,https://fbref.com/en/players/7c56da38/Christopher-Nkunku
William Saliba,972aeb2a,William-Saliba,https://fbref.com/en/players/972aeb2a/William-Saliba
Harry Maguire,d8931174,Harry-Maguire,https://fbref.com/en/players/d8931174/Harry-Maguire
Son Heung-min,92e7e919,Son-Heung-min,https://fbref.com/en/players/92e7e919/Son-Heung-min
Gabriel Martinelli,48a5a5d6,Gabriel-Martinelli,https://fbref.com/en/players/48a5a5d6/Gabriel-Martinelli
Ivan Perišić,6fe90922,Ivan-Perisic,https://fbref.com/en/players/6fe90922/Ivan-Perisic
Trent Alexander-Arnold,cd1acf9d,Trent-Alexander-Arnold,https://fbref.com/en/players/cd1acf9d/Trent-Alexander-Arnold
Manuel Akanji,89ac64a6,Manuel-Akanji,https://fbref.com/en/players/89ac64a6/Manuel-Akanji
Rúben Dias,31c69ef1,Ruben-Dias,https://fbref.com/en/players/31c69ef1/Ruben-Dias
Enzo Fernández,5ff4ab71,Enzo-Fernandez,https://fbref.com/en/players/5ff4ab71/Enzo-Fernandez
Kyle Walker,86dd77d1,Kyle-Walker,https://fbref.com/en/players/86dd77d1/Kyle-Walker
Marc Cucurella,1daec722,Marc-Cucurella,https://fbref.com/en/players/1daec722/Marc-Cucurella
James Maddison,ee38d9c5,James-Maddison,https://fbref.com/en/players/ee38d9c5/James-Maddison
Cristian Romero,a3d94a58,Cristian-Romero,https://fbref.com/en/players/a3d94a58/Cristian-Romero
Bruno Guimarães,82518f62,Bruno-Guimaraes,https://fbref.com/en/players/82518f62/Bruno-Guimaraes
Nathan Aké,eaeca114,Nathan-Ake,https://fbref.com/en/players/eaeca114/Nathan-Ake
Ansu Fati,0ba976e4,Ansu-Fati,https://fbref.com/en/players/0ba976e4/Ansu-Fati
Oleksandr Zinchenko,51cf8561,Oleksandr-Zinchenko,https://fbref.com/en/players/51cf8561/Oleksandr-Zinchenko
Christian Eriksen,980522ec,Christian-Eriksen,https://fbref.com/en/players/980522ec/Christian-Eriksen
Luke Shaw,9c94165b,Luke-Shaw,https://fbref.com/en/players/9c94165b/Luke-Shaw
Lucas Paquetá,9b6f7fd5,Lucas-Paqueta,https://fbref.com/en/players/9b6f7fd5/Lucas-Paqueta
Alexis Mac Allister,83d074ff,Alexis-Mac-Allister,https://fbref.com/en/players/83d074ff/Alexis-Mac-Allister
Alisson,7a2e46a8,Alisson,https://fbref.com/en/players/7a2e46a8/Alisson
Ryan Gravenberch,b8e740fb,Ryan-Gravenberch,https://fbref.com/en/players/b8e740fb/Ryan-Gravenberch
Boubacar Kamara,cc77354e,Boubacar-Kamara,https://fbref.com/en/players/cc77354e/Boubacar-Kamara
Clément Lenglet,4f28a6ff,Clement-Lenglet,https://fbref.com/en/players/4f28a6ff/Clement-Lenglet
Youri Tielemans,56f7a928,Youri-Tielemans,https://fbref.com/en/players/56f7a928/Youri-Tielemans
Kalvin Phillips,4f565d77,Kalvin-Phillips,https://fbref.com/en/players/4f565d77/Kalvin-Phillips
Mateo Kovačić,79c0821a,Mateo-Kovacic,https://fbref.com/en/players/79c0821a/Mateo-Kovacic
Moisés Caicedo,16264a81,Moises-Caicedo,https://fbref.com/en/players/16264a81/Moises-Caicedo
Darwin Núñez,4d77b365,Darwin-Nunez,https://fbref.com/en/players/4d77b365/Darwin-Nunez
Diogo Jota,178ae8f8,Diogo-Jota,https://fbref.com/en/players/178ae8f8/Diogo-Jota
Moussa Diaby,aeed5c06,Moussa-Diaby,https://fbref.com/en/players/aeed5c06/Moussa-Diaby
Matheus Nunes,e6af02e0,Matheus-Nunes,https://fbref.com/en/players/e6af02e0/Matheus-Nunes
Danny Ings,07802f7f,Danny-Ings,https://fbref.com/en/players/07802f7f/Danny-Ings
Kurt Zouma,ce4246f5,Kurt-Zouma,https://fbref.com/en/players/ce4246f5/Kurt-Zouma
Jordan Pickford,4806ec67,Jordan-Pickford,https://fbref.com/en/players/4806ec67/Jordan-Pickford
Aaron Ramsdale,466fb2c5,Aaron-Ramsdale,https://fbref.com/en/players/466fb2c5/Aaron-Ramsdale
Ben White,35e413f1,Ben-White,https://fbref.com/en/players/35e413f1/Ben-White
André Onana,e9c0c1b2,Andre-Onana,https://fbref.com/en/players/e9c0c1b2/Andre-Onana
Donny van de Beek,50dc94ce,Donny-van-de-Beek,https://fbref.com/en/players/50dc94ce/Donny-van-de-Beek
Lisandro Martínez,bac46a10,Lisandro-Martinez,https://fbref.com/en/players/bac46a10/Lisandro-Martinez
Victor Lindelöf,f5deef4c,Victor-Lindelof,https://fbref.com/en/players/f5deef4c/Victor-Lindelof
Alphonse Areola,2f965a72,Alphonse-Areola,https://fbref.com/en/players/2f965a72/Alphonse-Areola
Cody Gakpo,1971591f,Cody-Gakpo,https://fbref.com/en/players/1971591f/Cody-Gakpo
Dominik Szoboszlai,934e1968,Dominik-Szoboszlai,https://fbref.com/en/players/934e1968/Dominik-Szoboszlai
Emiliano Martínez,7956236f,Emiliano-Martinez,https://fbref.com/en/players/7956236f/Emiliano-Martinez
John McGinn,90f91999,John-McGinn,https://fbref.com/en/players/90f91999/John-McGinn
Lucas Digne,1b84dbe1,Lucas-Digne,https://fbref.com/en/players/1b84dbe1/Lucas-Digne
Alexander Isak,8e92be30,Alexander-Isak,https://fbref.com/en/players/8e92be30/Alexander-Isak
Kieran Trippier,21512407,Kieran-Trippier,https://fbref.com/en/players/21512407/Kieran-Trippier
Sandro Tonali,0db169ae,Sandro-Tonali,https://fbref.com/en/players/0db169ae/Sandro-Tonali
Malang Sarr,4315f30d,Malang-Sarr,https://fbref.com/en/players/4315f30d/Malang-Sarr
Abdoulaye Doucouré,02b29014,Abdoulaye-Doucoure,https://fbref.com/en/players/02b29014/Abdoulaye-Doucoure
Divock Origi,43a166b4,Divock-Origi,https://fbref.com/en/players/43a166b4/Divock-Origi
James Ward-Prowse,3515d404,James-Ward-Prowse,https://fbref.com/en/players/3515d404/James-Ward-Prowse
André Gomes,1961b2aa,Andre-Gomes,https://fbref.com/en/players/1961b2aa/Andre-Gomes
Jorginho,45db685d,Jorginho,https://fbref.com/en/players/45db685d/Jorginho
Dejan Kulusevski,df3cda47,Dejan-Kulusevski,https://fbref.com/en/players/df3cda47/Dejan-Kulusevski
Thiago Silva,86e7deaf,Thiago-Silva,https://fbref.com/en/players/86e7deaf/Thiago-Silva
Eddie Nketiah,a53649b7,Eddie-Nketiah,https://fbref.com/en/players/a53649b7/Eddie-Nketiah
Gabriel Dos Santos,67ac5bb8,Gabriel-Dos-Santos,https://fbref.com/en/players/67ac5bb8/Gabriel-Dos-Santos
Reiss Nelson,c5bdb6e3,Reiss-Nelson,https://fbref.com/en/players/c5bdb6e3/Reiss-Nelson
Hugo Lloris,8f62b6ee,Hugo-Lloris,https://fbref.com/en/players/8f62b6ee/Hugo-Lloris
Pierre Højbjerg,8b04d6c1,Pierre-Hojbjerg,https://fbref.com/en/players/8b04d6c1/Pierre-Hojbjerg
Dean Henderson,e5a76dfe,Dean-Henderson,https://fbref.com/en/players/e5a76dfe/Dean-Henderson
Michael Olise,c4486bac,Michael-Olise,https://fbref.com/en/players/c4486bac/Michael-Olise
Edson Álvarez,8b3ab7ad,Edson-Alvarez,https://fbref.com/en/players/8b3ab7ad/Edson-Alvarez
Andrew Robertson,2e4f5f03,Andrew-Robertson,https://fbref.com/en/players/2e4f5f03/Andrew-Robertson
Joël Matip,b217ef29,Joel-Matip,https://fbref.com/en/players/b217ef29/Joel-Matip
Diego Carlos,b4a014b1,Diego-Carlos,https://fbref.com/en/players/b4a014b1/Diego-Carlos
Leon Bailey,3a233281,Leon-Bailey,https://fbref.com/en/players/3a233281/Leon-Bailey
Pau Torres,532e1e4f,Pau-Torres,https://fbref.com/en/players/532e1e4f/Pau-Torres
Tyrone Mings,8397a50c,Tyrone-Mings,https://fbref.com/en/players/8397a50c/Tyrone-Mings
Matt Targett,e514ab62,Matt-Targett,https://fbref.com/en/players/e514ab62/Matt-Targett
Ederson,3bb7b8b4,Ederson,https://fbref.com/en/players/3bb7b8b4/Ederson
Julián Álvarez,15ab5a2b,Julian-Alvarez,https://fbref.com/en/players/15ab5a2b/Julian-Alvarez
Carney Chukwuemeka,b2f9c73e,Carney-Chukwuemeka,https://fbref.com/en/players/b2f9c73e/Carney-Chukwuemeka
Mykhailo Mudryk,049a888d,Mykhailo-Mudryk,https://fbref.com/en/players/049a888d/Mykhailo-Mudryk
Amadou Onana,828657ff,Amadou-Onana,https://fbref.com/en/players/828657ff/Amadou-Onana
Dele Alli,cea4ee8f,Dele-Alli,https://fbref.com/en/players/cea4ee8f/Dele-Alli
Dominic Calvert-Lewin,59e6e5bf,Dominic-Calvert-Lewin,https://fbref.com/en/players/59e6e5bf/Dominic-Calvert-Lewin
James Tarkowski,15ea812b,James-Tarkowski,https://fbref.com/en/players/15ea812b/James-Tarkowski
Raúl Jiménez,b561db50,Raul-Jimenez,https://fbref.com/en/players/b561db50/Raul-Jimenez
Emerson Palmieri,e0bc6fdc,Emerson-Palmieri,https://fbref.com/en/players/e0bc6fdc/Emerson-Palmieri
Jurriën Timber,41034650,Jurrien-Timber,https://fbref.com/en/players/41034650/Jurrien-Timber
Leandro Trossard,38ceb24a,Leandro-Trossard,https://fbref.com/en/players/38ceb24a/Leandro-Trossard
Aaron Wan-Bissaka,9e525177,Aaron-Wan-Bissaka,https://fbref.com/en/players/9e525177/Aaron-Wan-Bissaka
Richarlison,fa031b34,Richarlison,https://fbref.com/en/players/fa031b34/Richarlison
Odsonne Édouard,0562b7f1,Odsonne-Edouard,https://fbref.com/en/players/0562b7f1/Odsonne-Edouard
Leander Dendoncker,5a7301ae,Leander-Dendoncker,https://fbref.com/en/players/5a7301ae/Leander-Dendoncker
Pablo Sarabia,9744ff80,Pablo-Sarabia,https://fbref.com/en/players/9744ff80/Pablo-Sarabia
Sven Botman,ccce7025,Sven-Botman,https://fbref.com/en/players/ccce7025/Sven-Botman
Benoît Badiashile,06df8256,Benoit-Badiashile,https://fbref.com/en/players/06df8256/Benoit-Badiashile
Adam Lallana,99813635,Adam-Lallana,https://fbref.com/en/players/99813635/Adam-Lallana
Jack Harrison,aa849a12,Jack-Harrison,https://fbref.com/en/players/aa849a12/Jack-Harrison
Bernd Leno,2628fd2b,Bernd-Leno,https://fbref.com/en/players/2628fd2b/Bernd-Leno
Willian,8b9ebd03,Willian,https://fbref.com/en/players/8b9ebd03/Willian
David Raya,98ea5115,David-Raya,https://fbref.com/en/players/98ea5115/David-Raya
Diogo Dalot,d9565625,Diogo-Dalot,https://fbref.com/en/players/d9565625/Diogo-Dalot
Rasmus Højlund,491a433d,Rasmus-Hojlund,https://fbref.com/en/players/491a433d/Rasmus-Hojlund
Eric Dier,ac861941,Eric-Dier,https://fbref.com/en/players/ac861941/Eric-Dier
Pedro Porro,27d0a506,Pedro-Porro,https://fbref.com/en/players/27d0a506/Pedro-Porro
Michail Antonio,ac05f970,Michail-Antonio,https://fbref.com/en/players/ac05f970/Michail-Antonio
Joe Gomez,7a11550b,Joe-Gomez,https://fbref.com/en/players/7a11550b/Joe-Gomez
Joelinton,c17bfb65,Joelinton,https://fbref.com/en/players/c17bfb65/Joelinton
Ben Davies,44781702,Ben-Davies,https://fbref.com/en/players/44781702/Ben-Davies
Joachim Andersen,e34fc66d,Joachim-Andersen,https://fbref.com/en/players/e34fc66d/Joachim-Andersen
Nathaniel Clyne,0442183b,Nathaniel-Clyne,https://fbref.com/en/players/0442183b/Nathaniel-Clyne
Justin Kluivert,4c3a6744,Justin-Kluivert,https://fbref.com/en/players/4c3a6744/Justin-Kluivert
Thilo Kehrer,51dbeea9,Thilo-Kehrer,https://fbref.com/en/players/51dbeea9/Thilo-Kehrer
Matty Cash,2389cdc2,Matty-Cash,https://fbref.com/en/players/2389cdc2/Matty-Cash
Fábio Silva,e7aa9d7c,Fabio-Silva,https://fbref.com/en/players/e7aa9d7c/Fabio-Silva
Nélson Semedo,d04b94db,Nelson-Semedo,https://fbref.com/en/players/d04b94db/Nelson-Semedo
Harvey Barnes,3ea50f67,Harvey-Barnes,https://fbref.com/en/players/3ea50f67/Harvey-Barnes
Joe Willock,a3b03921,Joe-Willock,https://fbref.com/en/players/a3b03921/Joe-Willock
Axel Disasi,ad82197c,Axel-Disasi,https://fbref.com/en/players/ad82197c/Axel-Disasi
Lewis Dunk,282f75f3,Lewis-Dunk,https://fbref.com/en/players/282f75f3/Lewis-Dunk
Idrissa Gana Gueye,72c812f3,Idrissa-Gana-Gueye,https://fbref.com/en/players/72c812f3/Idrissa-Gana-Gueye
Michael Keane,c5b7c315,Michael-Keane,https://fbref.com/en/players/c5b7c315/Michael-Keane
Callum Hudson-Odoi,15f3ec41,Callum-Hudson-Odoi,https://fbref.com/en/players/15f3ec41/Callum-Hudson-Odoi
Chris Wood,4e9a0555,Chris-Wood,https://fbref.com/en/players/4e9a0555/Chris-Wood
Felipe,51a3c4c8,Felipe,https://fbref.com/en/players/51a3c4c8/Felipe
Morgan Gibbs-White,32f60ed8,Morgan-Gibbs-White,https://fbref.com/en/players/32f60ed8/Morgan-Gibbs-White
João Palhinha,a78ff07f,Joao-Palhinha,https://fbref.com/en/players/a78ff07f/Joao-Palhinha
Bertrand Traoré,c47541e0,Bertrand-Traore,https://fbref.com/en/players/c47541e0/Bertrand-Traore
Cédric Soares,839c14e1,Cedric-Soares,https://fbref.com/en/players/839c14e1/Cedric-Soares
Tyrell Malacia,6b6c793c,Tyrell-Malacia,https://fbref.com/en/players/6b6c793c/Tyrell-Malacia
Fraser Forster,c3e39f12,Fraser-Forster,https://fbref.com/en/players/c3e39f12/Fraser-Forster
Guglielmo Vicario,77d6fd4d,Guglielmo-Vicario,https://fbref.com/en/players/77d6fd4d/Guglielmo-Vicario
Rodrigo Bentancur,3b8674e6,Rodrigo-Bentancur,https://fbref.com/en/players/3b8674e6/Rodrigo-Bentancur
Douglas Luiz,6f7d826d,Douglas-Luiz,https://fbref.com/en/players/6f7d826d/Douglas-Luiz
Emi Buendía,66b76d44,Emi-Buendia,https://fbref.com/en/players/66b76d44/Emi-Buendia
Ollie Watkins,aed3a70f,Ollie-Watkins,https://fbref.com/en/players/aed3a70f/Ollie-Watkins
Cole Palmer,dc7f8a28,Cole-Palmer,https://fbref.com/en/players/dc7f8a28/Cole-Palmer
Ben Godfrey,9f7c837d,Ben-Godfrey,https://fbref.com/en/players/9f7c837d/Ben-Godfrey
Ibrahim Sangaré,bced0375,Ibrahim-Sangare,https://fbref.com/en/players/bced0375/Ibrahim-Sangare
Brennan Johnson,0cd31129,Brennan-Johnson,https://fbref.com/en/players/0cd31129/Brennan-Johnson
Giovani Lo Celso,d7553721,Giovani-Lo-Celso,https://fbref.com/en/players/d7553721/Giovani-Lo-Celso
Jefferson Lerma,9b5ce51a,Jefferson-Lerma,https://fbref.com/en/players/9b5ce51a/Jefferson-Lerma
Angelo Ogbonna,74b2cd7e,Angelo-Ogbonna,https://fbref.com/en/players/74b2cd7e/Angelo-Ogbonna
Ibrahima Konaté,5ed9b537,Ibrahima-Konate,https://fbref.com/en/players/5ed9b537/Ibrahima-Konate
Jacob Ramsey,1544f145,Jacob-Ramsey,https://fbref.com/en/players/1544f145/Jacob-Ramsey
Issa Diop,a712ca2b,Issa-Diop,https://fbref.com/en/players/a712ca2b/Issa-Diop
Sofyan Amrabat,5a2cb25d,Sofyan-Amrabat,https://fbref.com/en/players/5a2cb25d/Sofyan-Amrabat
Luis Sinisterra,8e16dd48,Luis-Sinisterra,https://fbref.com/en/players/8e16dd48/Luis-Sinisterra
Łukasz Fabiański,9328b835,Lukasz-Fabianski,https://fbref.com/en/players/9328b835/Lukasz-Fabianski
Maxwel Cornet,beb391dd,Maxwel-Cornet,https://fbref.com/en/players/beb391dd/Maxwel-Cornet
Pablo Fornals,82927de4,Pablo-Fornals,https://fbref.com/en/players/82927de4/Pablo-Fornals
Tomáš Souček,6613c819,Tomas-Soucek,https://fbref.com/en/players/6613c819/Tomas-Soucek
Nicolas Jackson,9c36ed83,Nicolas-Jackson,https://fbref.com/en/players/9c36ed83/Nicolas-Jackson
Pascal Groß,8aec0537,Pascal-Gross,https://fbref.com/en/players/8aec0537/Pascal-Gross
Saša Lukić,c6e8cf1f,Sasa-Lukic,https://fbref.com/en/players/c6e8cf1f/Sasa-Lukic
Jonny Evans,f8fcd2a5,Jonny-Evans,https://fbref.com/en/players/f8fcd2a5/Jonny-Evans
Scott McTominay,d93c2511,Scott-McTominay,https://fbref.com/en/players/d93c2511/Scott-McTominay
Manor Solomon,886f9aac,Manor-Solomon,https://fbref.com/en/players/886f9aac/Manor-Solomon
Cheick Doucouré,ce4f40c7,Cheick-Doucoure,https://fbref.com/en/players/ce4f40c7/Cheick-Doucoure
Tyler Adams,2b09d998,Tyler-Adams,https://fbref.com/en/players/2b09d998/Tyler-Adams
Jarrod Bowen,79c84d1c,Jarrod-Bowen,https://fbref.com/en/players/79c84d1c/Jarrod-Bowen
Adrián,f76e6b4e,Adrian,https://fbref.com/en/players/f76e6b4e/Adrian
Nicolò Zaniolo,9907b1c8,Nicolo-Zaniolo,https://fbref.com/en/players/9907b1c8/Nicolo-Zaniolo
Daniel Podence,7fcc71d8,Daniel-Podence,https://fbref.com/en/players/7fcc71d8/Daniel-Podence
Matheus Cunha,dc62b55d,Matheus-Cunha,https://fbref.com/en/players/dc62b55d/Matheus-Cunha
Anthony Gordon,2bd83368,Anthony-Gordon,https://fbref.com/en/players/2bd83368/Anthony-Gordon
Miguel Almirón,862a1c15,Miguel-Almiron,https://fbref.com/en/players/862a1c15/Miguel-Almiron
Nick Pope,4b40d9ca,Nick-Pope,https://fbref.com/en/players/4b40d9ca/Nick-Pope
Robert Sánchez,6a713852,Robert-Sanchez,https://fbref.com/en/players/6a713852/Robert-Sanchez
James Milner,2f90f6b8,James-Milner,https://fbref.com/en/players/2f90f6b8/James-Milner
Jakub Kiwior,dc3e663e,Jakub-Kiwior,https://fbref.com/en/players/dc3e663e/Jakub-Kiwior
Vitaliy Mykolenko,30d4a2e5,Vitaliy-Mykolenko,https://fbref.com/en/players/30d4a2e5/Vitaliy-Mykolenko
Mohamed Elneny,47a34c4f,Mohamed-Elneny,https://fbref.com/en/players/47a34c4f/Mohamed-Elneny
Takehiro Tomiyasu,b3af9be1,Takehiro-Tomiyasu,https://fbref.com/en/players/b3af9be1/Takehiro-Tomiyasu
Ryan Sessegnon,6aa3e78b,Ryan-Sessegnon,https://fbref.com/en/players/6aa3e78b/Ryan-Sessegnon
Yves Bissouma,6c203af0,Yves-Bissouma,https://fbref.com/en/players/6c203af0/Yves-Bissouma
Chris Richards,0a3d6d2b,Chris-Richards,https://fbref.com/en/players/0a3d6d2b/Chris-Richards
Jaïro Riedewald,7a1f2c08,Jairo-Riedewald,https://fbref.com/en/players/7a1f2c08/Jairo-Riedewald
Saïd Benrahma,5a04fd92,Said-Benrahma,https://fbref.com/en/players/5a04fd92/Said-Benrahma
Luis Díaz,4a1a9578,Luis-Diaz,https://fbref.com/en/players/4a1a9578/Luis-Diaz
Boubacar Traoré,999ceb5f,Boubacar-Traore,https://fbref.com/en/players/999ceb5f/Boubacar-Traore
Dan Burn,b2d31e83,Dan-Burn,https://fbref.com/en/players/b2d31e83/Dan-Burn
Emil Krafth,77cf6852,Emil-Krafth,https://fbref.com/en/players/77cf6852/Emil-Krafth
Stefan Ortega,c1242d4e,Stefan-Ortega,https://fbref.com/en/players/c1242d4e/Stefan-Ortega
Ben Mee,8df7a2fb,Ben-Mee,https://fbref.com/en/players/8df7a2fb/Ben-Mee
Adam Webster,c40b6180,Adam-Webster,https://fbref.com/en/players/c40b6180/Adam-Webster
Danny Welbeck,ce5143da,Danny-Welbeck,https://fbref.com/en/players/ce5143da/Danny-Welbeck
Mahmoud Dahoud,db4ed67b,Mahmoud-Dahoud,https://fbref.com/en/players/db4ed67b/Mahmoud-Dahoud
Séamus Coleman,0420d84f,Seamus-Coleman,https://fbref.com/en/players/0420d84f/Seamus-Coleman
Sergio Reguilón,3353737a,Sergio-Reguilon,https://fbref.com/en/players/3353737a/Sergio-Reguilon
Arnaut Danjuma,f08490a6,Arnaut-Danjuma,https://fbref.com/en/players/f08490a6/Arnaut-Danjuma
Mason Greenwood,58eee997,Mason-Greenwood,https://fbref.com/en/players/58eee997/Mason-Greenwood
Micky van de Ven,8fe2a392,Micky-van-de-Ven,https://fbref.com/en/players/8fe2a392/Micky-van-de-Ven
James Tomkins,e7ca0439,James-Tomkins,https://fbref.com/en/players/e7ca0439/James-Tomkins
Jean-Philippe Mateta,50e6dc35,Jean-Philippe-Mateta,https://fbref.com/en/players/50e6dc35/Jean-Philippe-Mateta
Jeffrey Schlupp,3312f911,Jeffrey-Schlupp,https://fbref.com/en/players/3312f911/Jeffrey-Schlupp
Marc Guéhi,d0706b27,Marc-Guehi,https://fbref.com/en/players/d0706b27/Marc-Guehi
David Brooks,dc4cae05,David-Brooks,https://fbref.com/en/players/dc4cae05/David-Brooks
Dominic Solanke,e77dc3b2,Dominic-Solanke,https://fbref.com/en/players/e77dc3b2/Dominic-Solanke
Marcos Senesi,35141f4c,Marcos-Senesi,https://fbref.com/en/players/35141f4c/Marcos-Senesi
Neto,a9dc785c,Neto,https://fbref.com/en/players/a9dc785c/Neto
Aaron Cresswell,4f974391,Aaron-Cresswell,https://fbref.com/en/players/4f974391/Aaron-Cresswell
Konstantinos Mavropanos,00963611,Konstantinos-Mavropanos,https://fbref.com/en/players/00963611/Konstantinos-Mavropanos
Nayef Aguerd,288e1e13,Nayef-Aguerd,https://fbref.com/en/players/288e1e13/Nayef-Aguerd
Kostas Tsimikas,f315ca93,Kostas-Tsimikas,https://fbref.com/en/players/f315ca93/Kostas-Tsimikas
Wataru Endo,c149016b,Wataru-Endo,https://fbref.com/en/players/c149016b/Wataru-Endo
Calum Chambers,dc6f5bdd,Calum-Chambers,https://fbref.com/en/players/dc6f5bdd/Calum-Chambers
Robin Olsen,e7ee38c3,Robin-Olsen,https://fbref.com/en/players/e7ee38c3/Robin-Olsen
Matt Doherty,d557d734,Matt-Doherty,https://fbref.com/en/players/d557d734/Matt-Doherty
Pedro Neto,7ba2eaa9,Pedro-Neto,https://fbref.com/en/players/7ba2eaa9/Pedro-Neto
Sean Longstaff,a2b105e0,Sean-Longstaff,https://fbref.com/en/players/a2b105e0/Sean-Longstaff
Valentino Livramento,afed6722,Valentino-Livramento,https://fbref.com/en/players/afed6722/Valentino-Livramento
Jeremy Doku,fffea3e5,Jeremy-Doku,https://fbref.com/en/players/fffea3e5/Jeremy-Doku
Sergio Gómez,01e5f06e,Sergio-Gomez,https://fbref.com/en/players/01e5f06e/Sergio-Gomez
Mathias Jensen,0f134faf,Mathias-Jensen,https://fbref.com/en/players/0f134faf/Mathias-Jensen
Neal Maupay,4bcf39f6,Neal-Maupay,https://fbref.com/en/players/4bcf39f6/Neal-Maupay
Conor Gallagher,c2731c10,Conor-Gallagher,https://fbref.com/en/players/c2731c10/Conor-Gallagher
Trevoh Chalobah,5515376c,Trevoh-Chalobah,https://fbref.com/en/players/5515376c/Trevoh-Chalobah
João Pedro,e8832875,Joao-Pedro,https://fbref.com/en/players/e8832875/Joao-Pedro
Joël Veltman,dad4b285,Joel-Veltman,https://fbref.com/en/players/dad4b285/Joel-Veltman
Pervis Estupiñán,d38fdf53,Pervis-Estupinan,https://fbref.com/en/players/d38fdf53/Pervis-Estupinan
Solly March,bb5fbd2b,Solly-March,https://fbref.com/en/players/bb5fbd2b/Solly-March
Beto,ed5c0319,Beto,https://fbref.com/en/players/ed5c0319/Beto
Albert Sambi Lokonga,1b4f1169,Albert-Sambi-Lokonga,https://fbref.com/en/players/1b4f1169/Albert-Sambi-Lokonga
Neco Williams,dd323728,Neco-Williams,https://fbref.com/en/players/dd323728/Neco-Williams
Serge Aurier,5c2b4f07,Serge-Aurier,https://fbref.com/en/players/5c2b4f07/Serge-Aurier
Taiwo Awoniyi,e5478b87,Taiwo-Awoniyi,https://fbref.com/en/players/e5478b87/Taiwo-Awoniyi
Andreas Pereira,6639e500,Andreas-Pereira,https://fbref.com/en/players/6639e500/Andreas-Pereira
Antonee Robinson,289601e6,Antonee-Robinson,https://fbref.com/en/players/289601e6/Antonee-Robinson
Kenny Tete,77d7c96f,Kenny-Tete,https://fbref.com/en/players/77d7c96f/Kenny-Tete
Callum Wilson,c596fcb0,Callum-Wilson,https://fbref.com/en/players/c596fcb0/Callum-Wilson
Zack Steffen,42130443,Zack-Steffen,https://fbref.com/en/players/42130443/Zack-Steffen
Fabio Vieira,6412cc03,Fabio-Vieira,https://fbref.com/en/players/6412cc03/Fabio-Vieira
Tom Heaton,a6de6361,Tom-Heaton,https://fbref.com/en/players/a6de6361/Tom-Heaton
Destiny Udogie,7cd520e8,Destiny-Udogie,https://fbref.com/en/players/7cd520e8/Destiny-Udogie
Rob Holding,d79a8c87,Rob-Holding,https://fbref.com/en/players/d79a8c87/Rob-Holding
Hamed Junior Traorè,570bb4b9,Hamed-Junior-Traore,https://fbref.com/en/players/570bb4b9/Hamed-Junior-Traore
Craig Dawson,3e9e06cb,Craig-Dawson,https://fbref.com/en/players/3e9e06cb/Craig-Dawson
Mario Lemina,2b471f99,Mario-Lemina,https://fbref.com/en/players/2b471f99/Mario-Lemina
Jack Cork,74e12f1e,Jack-Cork,https://fbref.com/en/players/74e12f1e/Jack-Cork
Josh Brownhill,47369df8,Josh-Brownhill,https://fbref.com/en/players/47369df8/Josh-Brownhill
Matt Ritchie,71ef519e,Matt-Ritchie,https://fbref.com/en/players/71ef519e/Matt-Ritchie
Bryan Mbeumo,6afaebf2,Bryan-Mbeumo,https://fbref.com/en/players/6afaebf2/Bryan-Mbeumo
Lesley Ugochukwu,1df4a109,Lesley-Ugochukwu,https://fbref.com/en/players/1df4a109/Lesley-Ugochukwu
Malo Gusto,d56b9520,Malo-Gusto,https://fbref.com/en/players/d56b9520/Malo-Gusto
Igor,a4e85758,Igor,https://fbref.com/en/players/a4e85758/Igor
Cheikhou Kouyaté,8d3c902d,Cheikhou-Kouyate,https://fbref.com/en/players/8d3c902d/Cheikhou-Kouyate
Moussa Niakhate,00242715,Moussa-Niakhate,https://fbref.com/en/players/00242715/Moussa-Niakhate
Odisseas Vlachodimos,03df04ff,Odisseas-Vlachodimos,https://fbref.com/en/players/03df04ff/Odisseas-Vlachodimos
Emile Smith Rowe,17695062,Emile-Smith-Rowe,https://fbref.com/en/players/17695062/Emile-Smith-Rowe
Bryan Gil,7b5ab7f2,Bryan-Gil,https://fbref.com/en/players/7b5ab7f2/Bryan-Gil
Emerson,df8b52a5,Emerson,https://fbref.com/en/players/df8b52a5/Emerson
Oliver Skipp,6250083a,Oliver-Skipp,https://fbref.com/en/players/6250083a/Oliver-Skipp
Sam Johnstone,9e5708be,Sam-Johnstone,https://fbref.com/en/players/9e5708be/Sam-Johnstone
Tyrick Mitchell,5cbd1eb0,Tyrick-Mitchell,https://fbref.com/en/players/5cbd1eb0/Tyrick-Mitchell
Alex Scott,104d0bb8,Alex-Scott,https://fbref.com/en/players/104d0bb8/Alex-Scott
Lewis Cook,2afc7272,Lewis-Cook,https://fbref.com/en/players/2afc7272/Lewis-Cook
Philip Billing,d328a254,Philip-Billing,https://fbref.com/en/players/d328a254/Philip-Billing
Harvey Elliott,b9e1436c,Harvey-Elliott,https://fbref.com/en/players/b9e1436c/Harvey-Elliott
Jay Rodriguez,4ab53cdb,Jay-Rodriguez,https://fbref.com/en/players/4ab53cdb/Jay-Rodriguez
Sander Berge,d0b6129f,Sander-Berge,https://fbref.com/en/players/d0b6129f/Sander-Berge
Fabian Schär,c8aa95da,Fabian-Schar,https://fbref.com/en/players/c8aa95da/Fabian-Schar
Jamaal Lascelles,450ab6fc,Jamaal-Lascelles,https://fbref.com/en/players/450ab6fc/Jamaal-Lascelles
Martin Dúbravka,3a949a25,Martin-Dubravka,https://fbref.com/en/players/3a949a25/Martin-Dubravka
Armando Broja,97220da2,Armando-Broja,https://fbref.com/en/players/97220da2/Armando-Broja
Ashley Young,be927d03,Ashley-Young,https://fbref.com/en/players/be927d03/Ashley-Young
Matt Turner,4a51ba65,Matt-Turner,https://fbref.com/en/players/4a51ba65/Matt-Turner
Ola Aina,246d153b,Ola-Aina,https://fbref.com/en/players/246d153b/Ola-Aina
Willy Boly,a4ac4b8f,Willy-Boly,https://fbref.com/en/players/a4ac4b8f/Willy-Boly
Carlos Vinícius,8b529245,Carlos-Vinicius,https://fbref.com/en/players/8b529245/Carlos-Vinicius
Tosin Adarabioyo,c81d773d,Tosin-Adarabioyo,https://fbref.com/en/players/c81d773d/Tosin-Adarabioyo
Altay Bayındır,072e68ed,Altay-Bayindir,https://fbref.com/en/players/072e68ed/Altay-Bayindir
Rhian Brewster,30e81a88,Rhian-Brewster,https://fbref.com/en/players/30e81a88/Rhian-Brewster
Joel Ward,8a7ff278,Joel-Ward,https://fbref.com/en/players/8a7ff278/Joel-Ward
Jordan Ayew,da052c14,Jordan-Ayew,https://fbref.com/en/players/da052c14/Jordan-Ayew
Will Hughes,a0666d3e,Will-Hughes,https://fbref.com/en/players/a0666d3e/Will-Hughes
Adam Smith,20b104bc,Adam-Smith,https://fbref.com/en/players/20b104bc/Adam-Smith
Chris Mepham,fed96827,Chris-Mepham,https://fbref.com/en/players/fed96827/Chris-Mepham
Dango Ouattara,2f9e4435,Dango-Ouattara,https://fbref.com/en/players/2f9e4435/Dango-Ouattara
Marcus Tavernier,5c0da4a4,Marcus-Tavernier,https://fbref.com/en/players/5c0da4a4/Marcus-Tavernier
Max Aarons,774cf58b,Max-Aarons,https://fbref.com/en/players/774cf58b/Max-Aarons
Ryan Fredericks,c067631c,Ryan-Fredericks,https://fbref.com/en/players/c067631c/Ryan-Fredericks
Vladimír Coufal,fdf3cb77,Vladimir-Coufal,https://fbref.com/en/players/fdf3cb77/Vladimir-Coufal
Álex Moreno,16e9d0ea,Alex-Moreno,https://fbref.com/en/players/16e9d0ea/Alex-Moreno
Jean-Ricner Bellegarde,10f0fdd3,Jean-Ricner-Bellegarde,https://fbref.com/en/players/10f0fdd3/Jean-Ricner-Bellegarde
Jonny Castro,e28868f3,Jonny-Castro,https://fbref.com/en/players/e28868f3/Jonny-Castro
Sasa Kalajdzic,15f24fe7,Sasa-Kalajdzic,https://fbref.com/en/players/15f24fe7/Sasa-Kalajdzic
Jacob Bruun Larsen,4e204552,Jacob-Bruun-Larsen,https://fbref.com/en/players/4e204552/Jacob-Bruun-Larsen
Jóhann Berg Guðmundsson,f72293fc,Johann-Berg-Gudmundsson,https://fbref.com/en/players/f72293fc/Johann-Berg-Gudmundsson
Nathan Redmond,ab651565,Nathan-Redmond,https://fbref.com/en/players/ab651565/Nathan-Redmond
Jacob Murphy,de112b84,Jacob-Murphy,https://fbref.com/en/players/de112b84/Jacob-Murphy
Javier Manquillo,758dd7f0,Javier-Manquillo,https://fbref.com/en/players/758dd7f0/Javier-Manquillo
Paul Dummett,3fe6bd8c,Paul-Dummett,https://fbref.com/en/players/3fe6bd8c/Paul-Dummett
Christian Nørgaard,df0a4c90,Christian-Norgaard,https://fbref.com/en/players/df0a4c90/Christian-Norgaard
Keane Lewis-Potter,41f08ac8,Keane-Lewis-Potter,https://fbref.com/en/players/41f08ac8/Keane-Lewis-Potter
Kristoffer Ajer,a8c0acb7,Kristoffer-Ajer,https://fbref.com/en/players/a8c0acb7/Kristoffer-Ajer
Rico Henry,8a3c1dc7,Rico-Henry,https://fbref.com/en/players/8a3c1dc7/Rico-Henry
Marcus Bettinelli,0d85a4e8,Marcus-Bettinelli,https://fbref.com/en/players/0d85a4e8/Marcus-Bettinelli
Bart Verbruggen,cf134113,Bart-Verbruggen,https://fbref.com/en/players/cf134113/Bart-Verbruggen
Tariq Lamptey,f4e433d4,Tariq-Lamptey,https://fbref.com/en/players/f4e433d4/Tariq-Lamptey
Ryan John Giles,73b1d65b,Ryan-John-Giles,https://fbref.com/en/players/73b1d65b/Ryan-John-Giles
Andrew Omobamidele,c393a6c4,Andrew-Omobamidele,https://fbref.com/en/players/c393a6c4/Andrew-Omobamidele
Nicolás Domínguez,20b3a502,Nicolas-Dominguez,https://fbref.com/en/players/20b3a502/Nicolas-Dominguez
Bobby Reid,0f7533cd,Bobby-Reid,https://fbref.com/en/players/0f7533cd/Bobby-Reid
Harry Wilson,c6dc9ecd,Harry-Wilson,https://fbref.com/en/players/c6dc9ecd/Harry-Wilson
Fodé Ballo-Touré,f449640d,Fode-Ballo-Toure,https://fbref.com/en/players/f449640d/Fode-Ballo-Toure
Anel Ahmedhodžić,eab957a3,Anel-Ahmedhodzic,https://fbref.com/en/players/eab957a3/Anel-Ahmedhodzic
Cameron Archer,05e8ca6d,Cameron-Archer,https://fbref.com/en/players/05e8ca6d/Cameron-Archer
Gustavo Hamer,eebacc07,Gustavo-Hamer,https://fbref.com/en/players/eebacc07/Gustavo-Hamer
Tom Davies,9228b07c,Tom-Davies,https://fbref.com/en/players/9228b07c/Tom-Davies
Vinicius Souza,6a8a7af8,Vinicius-Souza,https://fbref.com/en/players/6a8a7af8/Vinicius-Souza
Eberechi Eze,ae4fc6a4,Eberechi-Eze,https://fbref.com/en/players/ae4fc6a4/Eberechi-Eze
Ionuț Radu,67f649be,Ionut-Radu,https://fbref.com/en/players/67f649be/Ionut-Radu
Lloyd Kelly,f31def1e,Lloyd-Kelly,https://fbref.com/en/players/f31def1e/Lloyd-Kelly
Milos Kerkez,0ad53bdc,Milos-Kerkez,https://fbref.com/en/players/0ad53bdc/Milos-Kerkez
Ryan Christie,26ce2263,Ryan-Christie,https://fbref.com/en/players/26ce2263/Ryan-Christie
Ezri Konsa,0313a347,Ezri-Konsa,https://fbref.com/en/players/0313a347/Ezri-Konsa
Jhon Durán,414184f7,Jhon-Duran,https://fbref.com/en/players/414184f7/Jhon-Duran
Hwang Hee-chan,169fd162,Hwang-Hee-chan,https://fbref.com/en/players/169fd162/Hwang-Hee-chan
João Gomes,8b57ad2c,Joao-Gomes,https://fbref.com/en/players/8b57ad2c/Joao-Gomes
Santiago Bueno,edc98fac,Santiago-Bueno,https://fbref.com/en/players/edc98fac/Santiago-Bueno
Charlie Taylor,cc2d7ad5,Charlie-Taylor,https://fbref.com/en/players/cc2d7ad5/Charlie-Taylor
Connor Roberts,24fae784,Connor-Roberts,https://fbref.com/en/players/24fae784/Connor-Roberts
Zeki Amdouni,2ee5b0c9,Zeki-Amdouni,https://fbref.com/en/players/2ee5b0c9/Zeki-Amdouni
Elliot Anderson,de31038e,Elliot-Anderson,https://fbref.com/en/players/de31038e/Elliot-Anderson
Scott Carson,3e1550ee,Scott-Carson,https://fbref.com/en/players/3e1550ee/Scott-Carson
Aaron Hickey,1780bb4a,Aaron-Hickey,https://fbref.com/en/players/1780bb4a/Aaron-Hickey
Ethan Pinnock,e541326e,Ethan-Pinnock,https://fbref.com/en/players/e541326e/Ethan-Pinnock
Mark Flekken,a92ab7be,Mark-Flekken,https://fbref.com/en/players/a92ab7be/Mark-Flekken
Mikkel Damsgaard,215f3907,Mikkel-Damsgaard,https://fbref.com/en/players/215f3907/Mikkel-Damsgaard
Nathan Collins,a8c19eb8,Nathan-Collins,https://fbref.com/en/players/a8c19eb8/Nathan-Collins
Vitaly Janelt,8449d35e,Vitaly-Janelt,https://fbref.com/en/players/8449d35e/Vitaly-Janelt
James Garner,4e015693,James-Garner,https://fbref.com/en/players/4e015693/James-Garner
Jacob Brown,ca18c8f1,Jacob-Brown,https://fbref.com/en/players/ca18c8f1/Jacob-Brown
Marvelous Nakamba,de5b5570,Marvelous-Nakamba,https://fbref.com/en/players/de5b5570/Marvelous-Nakamba
Ross Barkley,3a24769f,Ross-Barkley,https://fbref.com/en/players/3a24769f/Ross-Barkley
Tahith Chong,2696b6a9,Tahith-Chong,https://fbref.com/en/players/2696b6a9/Tahith-Chong
Danilo,a816dbfb,Danilo,https://fbref.com/en/players/a816dbfb/Danilo
Nuno Tavares,a65c844b,Nuno-Tavares,https://fbref.com/en/players/a65c844b/Nuno-Tavares
Orel Mangala,a572e291,Orel-Mangala,https://fbref.com/en/players/a572e291/Orel-Mangala
Harrison Reed,803ae100,Harrison-Reed,https://fbref.com/en/players/803ae100/Harrison-Reed
Tim Ream,28b40c9c,Tim-Ream,https://fbref.com/en/players/28b40c9c/Tim-Ream
Tom Cairney,a8748947,Tom-Cairney,https://fbref.com/en/players/a8748947/Tom-Cairney
Amad Diallo,9dc96f10,Amad-Diallo,https://fbref.com/en/players/9dc96f10/Amad-Diallo
Nathan Patterson,230f0471,Nathan-Patterson,https://fbref.com/en/players/230f0471/Nathan-Patterson
Adam Davies,71894777,Adam-Davies,https://fbref.com/en/players/71894777/Adam-Davies
Auston Trusty,cddf767b,Auston-Trusty,https://fbref.com/en/players/cddf767b/Auston-Trusty
Jack Robinson,7399c7a8,Jack-Robinson,https://fbref.com/en/players/7399c7a8/Jack-Robinson
John Fleck,b63e789d,John-Fleck,https://fbref.com/en/players/b63e789d/John-Fleck
Oliver McBurnie,78b8ac63,Oliver-McBurnie,https://fbref.com/en/players/78b8ac63/Oliver-McBurnie
Nathan Ferguson,2f8d27bc,Nathan-Ferguson,https://fbref.com/en/players/2f8d27bc/Nathan-Ferguson
Darren Randolph,6385ebfb,Darren-Randolph,https://fbref.com/en/players/6385ebfb/Darren-Randolph
José Sá,903b6e8b,Jose-Sa,https://fbref.com/en/players/903b6e8b/Jose-Sa
Aaron Ramsey,e1618c22,Aaron-Ramsey,https://fbref.com/en/players/e1618c22/Aaron-Ramsey
Arijanet Muric,99aa1a84,Arijanet-Muric,https://fbref.com/en/players/99aa1a84/Arijanet-Muric
James Trafford,259fea27,James-Trafford,https://fbref.com/en/players/259fea27/James-Trafford
Lyle Foster,f84a807c,Lyle-Foster,https://fbref.com/en/players/f84a807c/Lyle-Foster
Frank Onyeka,2944f86f,Frank-Onyeka,https://fbref.com/en/players/2944f86f/Frank-Onyeka
Thomas Strakosha,339fe0e8,Thomas-Strakosha,https://fbref.com/en/players/339fe0e8/Thomas-Strakosha
Yoane Wissa,2500cef9,Yoane-Wissa,https://fbref.com/en/players/2500cef9/Yoane-Wissa
Mathias Jørgensen,0db5d2c8,Mathias-Jorgensen,https://fbref.com/en/players/0db5d2c8/Mathias-Jorgensen
Đorđe Petrović,0cf321c8,Djordje-Petrovic,https://fbref.com/en/players/0cf321c8/Djordje-Petrovic
Dwight McNeil,fc15fb84,Dwight-McNeil,https://fbref.com/en/players/fc15fb84/Dwight-McNeil
Thomas Kaminski,1caa93a5,Thomas-Kaminski,https://fbref.com/en/players/1caa93a5/Thomas-Kaminski
Tim Krul,f23f9d20,Tim-Krul,https://fbref.com/en/players/f23f9d20/Tim-Krul
Anthony Elanga,2fba6108,Anthony-Elanga,https://fbref.com/en/players/2fba6108/Anthony-Elanga
Gonzalo Montiel,374d5158,Gonzalo-Montiel,https://fbref.com/en/players/374d5158/Gonzalo-Montiel
Ryan Yates,c1fe2a48,Ryan-Yates,https://fbref.com/en/players/c1fe2a48/Ryan-Yates
Isaac Hayden,c951a6df,Isaac-Hayden,https://fbref.com/en/players/c951a6df/Isaac-Hayden
Facundo Pellistri,ac7e7b1c,Facundo-Pellistri,https://fbref.com/en/players/ac7e7b1c/Facundo-Pellistri
Ben Osborn,79bc4c45,Ben-Osborn,https://fbref.com/en/players/79bc4c45/Ben-Osborn
Jayden Bogle,ae5019e6,Jayden-Bogle,https://fbref.com/en/players/ae5019e6/Jayden-Bogle
Oliver Norwood,43439614,Oliver-Norwood,https://fbref.com/en/players/43439614/Oliver-Norwood
Naouirou Ahamada,a6c58494,Naouirou-Ahamada,https://fbref.com/en/players/a6c58494/Naouirou-Ahamada
Antoine Semenyo,efd2ec23,Antoine-Semenyo,https://fbref.com/en/players/efd2ec23/Antoine-Semenyo
Ben Johnson,9319781b,Ben-Johnson,https://fbref.com/en/players/9319781b/Ben-Johnson
Benson Manuel,d7f99582,Benson-Manuel,https://fbref.com/en/players/d7f99582/Benson-Manuel
Dara O'Shea,1d042188,Dara-OShea,https://fbref.com/en/players/1d042188/Dara-OShea
Josh Cullen,f6d7d690,Josh-Cullen,https://fbref.com/en/players/f6d7d690/Josh-Cullen
Ivan Toney,e09f279b,Ivan-Toney,https://fbref.com/en/players/e09f279b/Ivan-Toney
Josh Dasilva,60344e4f,Josh-Dasilva,https://fbref.com/en/players/60344e4f/Josh-Dasilva
Mads Roerslev,57c94db2,Mads-Roerslev,https://fbref.com/en/players/57c94db2/Mads-Roerslev
Billy Gilmour,df10e27c,Billy-Gilmour,https://fbref.com/en/players/df10e27c/Billy-Gilmour
Evan Ferguson,4596da74,Evan-Ferguson,https://fbref.com/en/players/4596da74/Evan-Ferguson
Jason Steele,28300a16,Jason-Steele,https://fbref.com/en/players/28300a16/Jason-Steele
Cauley Woodrow,d3085b49,Cauley-Woodrow,https://fbref.com/en/players/d3085b49/Cauley-Woodrow
Issa Kaboré,c066d1a5,Issa-Kabore,https://fbref.com/en/players/c066d1a5/Issa-Kabore
Tom Lockyer,37118440,Tom-Lockyer,https://fbref.com/en/players/37118440/Tom-Lockyer
Giulian Biancone,de40e38c,Giulian-Biancone,https://fbref.com/en/players/de40e38c/Giulian-Biancone
Harry Arter,2f4c5a52,Harry-Arter,https://fbref.com/en/players/2f4c5a52/Harry-Arter
Scott McKenna,4e5a4cbc,Scott-McKenna,https://fbref.com/en/players/4e5a4cbc/Scott-McKenna
Ethan Horvath,3f65d5ce,Ethan-Horvath,https://fbref.com/en/players/3f65d5ce/Ethan-Horvath
Chris Basham,1aa84968,Chris-Basham,https://fbref.com/en/players/1aa84968/Chris-Basham
Luke Thomas,fc027d02,Luke-Thomas,https://fbref.com/en/players/fc027d02/Luke-Thomas
Emiliano Marcondes,4d960fc3,Emiliano-Marcondes,https://fbref.com/en/players/4d960fc3/Emiliano-Marcondes
Kieffer Moore,01ce9e70,Kieffer-Moore,https://fbref.com/en/players/01ce9e70/Kieffer-Moore
Curtis Jones,4fb9c88f,Curtis-Jones,https://fbref.com/en/players/4fb9c88f/Curtis-Jones
Bruno Jordão,41ff002d,Bruno-Jordao,https://fbref.com/en/players/41ff002d/Bruno-Jordao
Max Kilman,d0f72bf1,Max-Kilman,https://fbref.com/en/players/d0f72bf1/Max-Kilman
Ameen Al-Dakhil,93e08bce,Ameen-Al-Dakhil,https://fbref.com/en/players/93e08bce/Ameen-Al-Dakhil
Han-Noah Massengo,eba1e557,Han-Noah-Massengo,https://fbref.com/en/players/eba1e557/Han-Noah-Massengo
Hannes Delcroix,b737f944,Hannes-Delcroix,https://fbref.com/en/players/b737f944/Hannes-Delcroix
Michael Obafemi,caa1a7f0,Michael-Obafemi,https://fbref.com/en/players/caa1a7f0/Michael-Obafemi
Vitinho,9295dc1c,Vitinho,https://fbref.com/en/players/9295dc1c/Vitinho
Saman Ghoddos,f7b1d4e0,Saman-Ghoddos,https://fbref.com/en/players/f7b1d4e0/Saman-Ghoddos
Shandon Baptiste,2886c9b5,Shandon-Baptiste,https://fbref.com/en/players/2886c9b5/Shandon-Baptiste
Ian Maatsen,cab9634e,Ian-Maatsen,https://fbref.com/en/players/cab9634e/Ian-Maatsen
Steven Alzate,ad1f61f3,Steven-Alzate,https://fbref.com/en/players/ad1f61f3/Steven-Alzate
Jarrad Branthwaite,c1949191,Jarrad-Branthwaite,https://fbref.com/en/players/c1949191/Jarrad-Branthwaite
Chiedozie Ogbene,788c0277,Chiedozie-Ogbene,https://fbref.com/en/players/788c0277/Chiedozie-Ogbene
Mads Juel Andersen,f098c03e,Mads-Juel-Andersen,https://fbref.com/en/players/f098c03e/Mads-Juel-Andersen
Harry Toffolo,a105d46a,Harry-Toffolo,https://fbref.com/en/players/a105d46a/Harry-Toffolo
Joe Worrall,a5212312,Joe-Worrall,https://fbref.com/en/players/a5212312/Joe-Worrall
Wayne Hennessey,76eca7e2,Wayne-Hennessey,https://fbref.com/en/players/76eca7e2/Wayne-Hennessey
Marek Rodák,17acc2ed,Marek-Rodak,https://fbref.com/en/players/17acc2ed/Marek-Rodak
John Egan,debe38a0,John-Egan,https://fbref.com/en/players/debe38a0/John-Egan
Wes Foderingham,96cf7b61,Wes-Foderingham,https://fbref.com/en/players/96cf7b61/Wes-Foderingham
Simon Adingra,4dcec659,Simon-Adingra,https://fbref.com/en/players/4dcec659/Simon-Adingra
Andros Townsend,b28bbd58,Andros-Townsend,https://fbref.com/en/players/b28bbd58/Andros-Townsend
Elijah Adebayo,0480ebc7,Elijah-Adebayo,https://fbref.com/en/players/0480ebc7/Elijah-Adebayo
Reece Burke,a681b7b7,Reece-Burke,https://fbref.com/en/players/a681b7b7/Reece-Burke
Karl Jakob Hein,aa81d8f8,Karl-Jakob-Hein,https://fbref.com/en/players/aa81d8f8/Karl-Jakob-Hein
Femi Seriki,e4e0deaa,Femi-Seriki,https://fbref.com/en/players/e4e0deaa/Femi-Seriki
George Baldock,394854c4,George-Baldock,https://fbref.com/en/players/394854c4/George-Baldock
Max Lowe,7af88b33,Max-Lowe,https://fbref.com/en/players/7af88b33/Max-Lowe
Yasser Larouci,0ed063d6,Yasser-Larouci,https://fbref.com/en/players/0ed063d6/Yasser-Larouci
Pape Matar Sarr,feb5d972,Pape-Matar-Sarr,https://fbref.com/en/players/feb5d972/Pape-Matar-Sarr
Malcolm Ebiowei,fa9fa773,Malcolm-Ebiowei,https://fbref.com/en/players/fa9fa773/Malcolm-Ebiowei
Caoimhín Kelleher,62d7ef38,Caoimhin-Kelleher,https://fbref.com/en/players/62d7ef38/Caoimhin-Kelleher
Daniel Bentley,68db6358,Daniel-Bentley,https://fbref.com/en/players/68db6358/Daniel-Bentley
Rayan Aït Nouri,9b398aea,Rayan-Ait-Nouri,https://fbref.com/en/players/9b398aea/Rayan-Ait-Nouri
Tommy Doyle,5526deb1,Tommy-Doyle,https://fbref.com/en/players/5526deb1/Tommy-Doyle
Toti Gomes,f0caab96,Toti-Gomes,https://fbref.com/en/players/f0caab96/Toti-Gomes
Anass Zaroury,07d65234,Anass-Zaroury,https://fbref.com/en/players/07d65234/Anass-Zaroury
Darko Churlinov,c6608135,Darko-Churlinov,https://fbref.com/en/players/c6608135/Darko-Churlinov
Loris Karius,32e7ce92,Loris-Karius,https://fbref.com/en/players/32e7ce92/Loris-Karius
Mark Gillespie,e32958b7,Mark-Gillespie,https://fbref.com/en/players/e32958b7/Mark-Gillespie
Kevin Schade,52afb588,Kevin-Schade,https://fbref.com/en/players/52afb588/Kevin-Schade
Jakub Moder,f230bc30,Jakub-Moder,https://fbref.com/en/players/f230bc30/Jakub-Moder
Julio César Enciso,9cfbad36,Julio-Cesar-Enciso,https://fbref.com/en/players/9cfbad36/Julio-Cesar-Enciso
Kaoru Mitoma,74618572,Kaoru-Mitoma,https://fbref.com/en/players/74618572/Kaoru-Mitoma
Amari'i Bell,399e9474,Amarii-Bell,https://fbref.com/en/players/399e9474/Amarii-Bell
Carlton Morris,2da834f1,Carlton-Morris,https://fbref.com/en/players/2da834f1/Carlton-Morris
Dan Potts,3595affe,Dan-Potts,https://fbref.com/en/players/3595affe/Dan-Potts
Gabriel Osho,cd889153,Gabriel-Osho,https://fbref.com/en/players/cd889153/Gabriel-Osho
Luke Berry,2aaadf33,Luke-Berry,https://fbref.com/en/players/2aaadf33/Luke-Berry
Teden Mengi,91748070,Teden-Mengi,https://fbref.com/en/players/91748070/Teden-Mengi
Kortney Hause,bf8fad51,Kortney-Hause,https://fbref.com/en/players/bf8fad51/Kortney-Hause
Joe Rothwell,10a10454,Joe-Rothwell,https://fbref.com/en/players/10a10454/Joe-Rothwell
Charlie Goode,7aee4dd3,Charlie-Goode,https://fbref.com/en/players/7aee4dd3/Charlie-Goode
Alfie Whiteman,3f2587ee,Alfie-Whiteman,https://fbref.com/en/players/3f2587ee/Alfie-Whiteman
Brandon Austin,5e253986,Brandon-Austin,https://fbref.com/en/players/5e253986/Brandon-Austin
Andy Lonergan,165cf989,Andy-Lonergan,https://fbref.com/en/players/165cf989/Andy-Lonergan
João Virgínia,728e9b2e,Joao-Virginia,https://fbref.com/en/players/728e9b2e/Joao-Virginia
Alfie Doughty,bf33b257,Alfie-Doughty,https://fbref.com/en/players/bf33b257/Alfie-Doughty
James Shea,ee7c0a5e,James-Shea,https://fbref.com/en/players/ee7c0a5e/James-Shea
Rodrigo Muniz,a755db8c,Rodrigo-Muniz,https://fbref.com/en/players/a755db8c/Rodrigo-Muniz
Lawrence Vigouroux,a949d040,Lawrence-Vigouroux,https://fbref.com/en/players/a949d040/Lawrence-Vigouroux
Tyrese Francois,6722d4f0,Tyrese-Francois,https://fbref.com/en/players/6722d4f0/Tyrese-Francois
Remi Matthews,27f4f772,Remi-Matthews,https://fbref.com/en/players/27f4f772/Remi-Matthews
Shola Shoretire,00f0482f,Shola-Shoretire,https://fbref.com/en/players/00f0482f/Shola-Shoretire
Conor Coventry,a5ca9127,Conor-Coventry,https://fbref.com/en/players/a5ca9127/Conor-Coventry
Tom King,5791b997,Tom-King,https://fbref.com/en/players/5791b997/Tom-King
Myles Peart-Harris,ea1a5662,Myles-Peart-Harris,https://fbref.com/en/players/ea1a5662/Myles-Peart-Harris
Levi Colwill,700783e7,Levi-Colwill,https://fbref.com/en/players/700783e7/Levi-Colwill
Jan Paul van Hecke,4fd08daa,Jan-Paul-van-Hecke,https://fbref.com/en/players/4fd08daa/Jan-Paul-van-Hecke
Jordan Clark,7c5fa6cf,Jordan-Clark,https://fbref.com/en/players/7c5fa6cf/Jordan-Clark
Daniel Jebbison,03edb878,Daniel-Jebbison,https://fbref.com/en/players/03edb878/Daniel-Jebbison
Rhys Norrington-Davies,ca76b087,Rhys-Norrington-Davies,https://fbref.com/en/players/ca76b087/Rhys-Norrington-Davies
Ellery Balcombe,e827567f,Ellery-Balcombe,https://fbref.com/en/players/e827567f/Ellery-Balcombe
Alex Mighten,10ec4169,Alex-Mighten,https://fbref.com/en/players/10ec4169/Alex-Mighten
Denis Franchi,aab362e6,Denis-Franchi,https://fbref.com/en/players/aab362e6/Denis-Franchi
Jordan Beyer,9af1f9ff,Jordan-Beyer,https://fbref.com/en/players/9af1f9ff/Jordan-Beyer
Gavin Kilkenny,3eeda7dd,Gavin-Kilkenny,https://fbref.com/en/players/3eeda7dd/Gavin-Kilkenny
